<?xml version="1.0" encoding="UTF-8"?>
<!DOCTYPE mapper
	 PUBLIC "-//mybatis.org//DTD Mapper 3.0//EN"
	 "http://mybatis.org/dtd/mybatis-3-mapper.dtd">
<mapper namespace="com.kitri.cnm.imgboard.ImgBoardMapper">

	<resultMap id="ImgBoardResult" type="com.kitri.cnm.imgboard.ImgBoardVO">
		<result column="seq" property="seq" />
		<result column="user_id" property="user_id" />
		<result column="p_title" property="p_title" />
		<result column="p_file_path" property="p_file_path" />
		<result column="p_content" property="p_content" />
		<result column="p_log_time" property="p_log_time" />
		<result column="p_hit" property="p_hit" />
	</resultMap>
	
	<resultMap type="com.kitri.cnm.imgboard.CommentVO" id="CommentResult">
		<result column="c_seq" property="c_seq"/>
		<result column="pc_seq" property="pc_seq"/>
		<result column="user_id" property="user_id"/>
		<result column="c_content" property="c_content"/>
		<result column="c_logtime" property="c_logtime"/>
	</resultMap>
	
	<select id="getImgArticle" resultMap="ImgBoardResult" parameterType="Integer">
		SELECT *
		FROM photo_board where seq = #{seq}
	</select>
	
	<select id="select" resultMap="ImgBoardResult" parameterType="Integer">
		select *
		from photo_board
		where seq = #{seq}
	</select>
	
	
 	<select id="selectAll" parameterType="Integer" resultType="com.kitri.cnm.imgboard.ImgBoardVO">
		<![CDATA[
		select B.rnum, B.*
				from (select rownum as rnum, A.seq, A.p_title, A.p_content, A.p_log_time, A.p_hit
		       	    	 from (select seq, p_title, p_content, p_log_time, p_hit
		              		     from photo_board
		            		     order by seq desc )A
		      		     where rownum <= #{page}*5) B
		where B.rnum >= (#{page}-1)*5+1
		]]>
	</select> 
	
 	<select id="selectCount" resultType="java.lang.Integer">
		select count(*)
		from photo_board
	</select> 
	

	<insert id="insert" parameterType="com.kitri.cnm.imgboard.ImgBoardVO">
		insert into photo_board
		values (photo_b_seq.nextval, #{user_id}, #{p_title} , #{p_file_path}
				, #{p_content}, sysdate , 0)
	</insert>
	
	
	<update id="update" parameterType="com.kitri.cnm.imgboard.ImgBoardVO">
		update photo_board
		set p_title=#{p_title}, p_content=#{p_content}, p_log_time=sysdate
		where seq = #{seq}
	</update>
	
	<delete id="delete" parameterType="Integer">
		delete photo_board
		where seq = #{seq}
	</delete>
	
	<select id="getCmtb" resultMap="CommentResult" parameterType="Integer">
		select *
		from photo_comment
		where pc_seq = #{pc_seq}
		order by c_seq
	</select>
		
	<insert id="insertCmt" parameterType="com.kitri.cnm.imgboard.CommentVO">
		insert into photo_comment
		values(photo_c_seq.nextval, #{pc_seq}, #{user_id}, #{c_content}, sysdate)
	</insert>
	
	<delete id="deleteCmt" parameterType="com.kitri.cnm.imgboard.CommentVO">
		delete
		from photo_comment
		where c_seq = #{c_seq}
	</delete>
</mapper>