<?xml version="1.0" encoding="UTF-8"?>
<!DOCTYPE mapper
	 PUBLIC "-//mybatis.org//DTD Mapper 3.0//EN"
	 "http://mybatis.org/dtd/mybatis-3-mapper.dtd">
<mapper namespace="com.kitri.cnm.member.MemberMapper">

	<resultMap type="com.kitri.cnm.member.MemberVO" id="MemberResult">
		<result column="id" property="id"/>
		<result column="pwd" property="pwd"/>
		<result column="name" property="name"/>
		<result column="gender" property="gender"/>
		<result column="email" property="email"/>
		<result column="tel" property="tel"/>
	</resultMap>
	
	<select id="idcheck" resultMap="MemberResult" parameterType="String">
		select * from member where id = #{id}
	</select>
	
	<insert id="join" parameterType="com.kitri.cnm.member.MemberVO"> 
		insert into member values(#{id}, #{pwd}, #{name}, #{gender}, #{email}, #{tel})
	</insert>
	
	<select id="editmemberform" parameterType="String" resultType="com.kitri.cnm.member.MemberVO">
		select * 
		from member
		where id = #{id}
	</select>
	
	<update id="editmember" parameterType="com.kitri.cnm.member.MemberVO" >
		update member
		set PWD = #{pwd},
		    NAME = #{name},
		    GENDER = #{gender},
		    EMAIL = #{email},
		    TEL = #{tel}
		where id = #{id}
	</update>
	
	<select id="friendlist" resultType="com.kitri.cnm.member.FriendVO" parameterType="String" >
		select distinct *
		from friend
		where type = 1 and (id = #{id} or fr_id = #{id})
	</select>
	
	<insert id="reqfriend" parameterType="com.kitri.cnm.member.FriendVO">
		insert into friend
		values(#{id}, #{fr_id}, 2)
	</insert>

	<select id="friendreqlist" resultType="String" parameterType="String">
		select fr_id
		from friend
		where type = 2 and id = #{id}
	</select>
	
	<select id="friendreslist" resultType="String" parameterType="String">
		select id
		from friend
		where fr_id = #{id} and type = 2
	</select>

	<update id="friendpermit" parameterType="com.kitri.cnm.member.FriendVO">
		update friend
		set type = 1
		where id = #{id} and fr_id = #{fr_id}		
	</update>
	
	<delete id="frienddel" parameterType="com.kitri.cnm.member.FriendVO">
		delete friend
		where id = #{id} and fr_id = #{fr_id}
	</delete>
	
	<select id="listcnt" resultType="int">
		select count(*) totalcnt
		from member
		where id != 'admin'
	</select>
	
	<select id="memberlist" resultType="com.kitri.cnm.member.MemberVO" parameterType="Integer">
		select *
		from(select rownum r,m.*
		    from    (select * 
		            from member
		            where id != 'admin'
		            order by id)m
		    )
		where r between #{currentPage}*5-4 and #{currentPage}*5
	</select>
</mapper>	