<?xml version="1.0" encoding="UTF-8"?>
<!DOCTYPE mapper
	 PUBLIC "-//mybatis.org//DTD Mapper 3.0//EN"
	 "http://mybatis.org/dtd/mybatis-3-mapper.dtd">
<mapper namespace="com.kitri.cnm.movie.MovieMapper">
	<resultMap id="MovieResult" type="com.kitri.cnm.movie.MovieVO">
		<result column="seq" property="seseqq" />
		<result column="user_id" property="user_id" />
		<result column="title" property="title" />
		<result column="subtitle" property="subtitle" />
		<result column="image" property="image" />
		<result column="pubDate" property="pubDate" />
		<result column="director" property="director" />
		<result column="actor" property="actor" />
		<result column="useRating" property="useRating" />
	</resultMap>
	<select id="getMovie" resultMap="MovieResult" parameterType="Integer">
		SELECT *
		FROM movie_evaluation where seq = #{seq}
	</select>
	<insert id="insertMyMovie" parameterType="com.kitri.cnm.movie.MovieVO">
		insert into
		movie_evaluation
		values (mov_seq.nextval, #{user_id}, #{title},
		#{subtitle}, #{image} ,#{pubDate}, #{director}, #{actor}, #{useRating})
	</insert>

	<update id="updateMyMovie" parameterType="com.kitri.cnm.movie.MovieVO">
		update movie_evaluation
		set useRating = #{useRating}
		where seq = #{seq}
	</update>
	
	<select id="checkList" resultType="Integer" parameterType="com.kitri.cnm.movie.MovieVO">
		select seq from movie_evaluation
		where title = #{title} and pubDate = #{pubDate} and user_id = #{user_id}
	</select>

	<select id="getMembers" resultType="String" parameterType="String">
		select distinct user_id
		from movie_evaluation
		where user_id not in (#{id})
	</select>

	<select id="getList" resultType="com.kitri.cnm.movie.MovieVO" parameterType="String">
		select *
		from movie_evaluation
		where user_id = #{id}
	</select>
	
	<update id="updaterate" parameterType="com.kitri.cnm.movie.MovieVO">
		update movie_evaluation
		set useRating = #{useRating}
		where seq = #{seq}
	</update>
	
	<delete id="delmovie" parameterType="Integer">
		delete from movie_evaluation
		where seq = ${seq}
	</delete>
</mapper>