<?xml version="1.0" encoding="UTF-8"?>
<!DOCTYPE mapper
	 PUBLIC "-//mybatis.org//DTD Mapper 3.0//EN"
	 "http://mybatis.org/dtd/mybatis-3-mapper.dtd">
<mapper namespace="com.kitri.cnm.qnaboard.QnaMapper">
	<resultMap id="TagResult" type="com.kitri.cnm.qnaboard.TagVO">
		<result column="tags" property="tags" />
		<result column="tags_name" property="tags_name" />
	</resultMap>
	<resultMap id="QnaResult" type="com.kitri.cnm.qnaboard.QnaVO">
		<result column="seq" property="seq" />
		<result column="p_seq" property="p_seq" />
		<result column="user_id" property="user_id" />
		<result column="tags" property="tags_name" />
		<result column="title" property="title" />
		<result column="content" property="content" />
		<result column="log_time" property="log_time" />
		<result column="hit" property="hit" />
		<collection property="tagvo" resultMap="TagResult" />
	</resultMap>
	<resultMap id="CommentResult" type="com.kitri.cnm.qnaboard.CommentVO">
		<result column="c_seq" property="c_seq" />
		<result column="pc_seq" property="pc_seq" />
		<result column="user_id" property="user_id" />
		<result column="c_content" property="c_content" />
		<result column="c_log_time" property="c_log_time" />
	</resultMap>

	<!-- qna 전체 셀렉트 -->
	<select id="getQnaBoards" resultType="com.kitri.cnm.qnaboard.QnaVO" parameterType="Integer">
		select b.seq, b.p_seq, b.user_id, b.tags, t.tags_name, b.title, b.content, b.log_time, b.hit
		from (select rownum r, level, a.*
		        from qna_board a
		        start with p_seq = 0
		        connect by NOCYCLE prior seq=p_seq
		        order siblings by seq desc)b, qna_tags t
		where r between (#{page}-1)*10+1 and #{page}*10
		and b.tags = t.tags
		order by r
	</select>
	
	<!-- qnaTag 전체 셀렉트 -->
	<select id="getTagBoards" resultType="com.kitri.cnm.qnaboard.TagVO">
		select tags, tags_name from qna_tags
	</select>
	
	<!-- qna 인설트 -->
	<insert id="insertQnaVO" parameterType="com.kitri.cnm.qnaboard.QnaVO">
		insert into qna_board
		values (qna_b_seq.nextval-1, #{p_seq}, #{user_id}, #{tags}, #{title}, #{content}, sysdate, 0)
	</insert>
	
	<!-- qna 글번호로 셀렉트 -->
	<select id="getQnaArticle" resultType="com.kitri.cnm.qnaboard.QnaVO">
		SELECT b.seq, b.p_seq, b.user_id, t.tags_name, b.title, b.content, b.log_time, b.hit
		FROM qna_board b
		JOIN qna_tags t
		ON b.tags = t.tags
		WHERE b.seq=#{seq}
	</select>
	
	<!-- qna 글번호로 딜리트 -->
	<delete id="deleteQnaVO" parameterType="com.kitri.cnm.qnaboard.QnaVO">
		delete from qna_board where seq=#{seq}
	</delete>
	
	<!-- qna 글번호로 업데이트(수정) -->
	<update id="updateQnaVO" parameterType="com.kitri.cnm.qnaboard.QnaVO">
		update qna_board 
		set tags=#{tags}, title=#{title}, content=#{content}, log_time=sysdate
		where seq=#{seq}
	</update>
	
	<!-- qna 조회수 업데이트 -->
	<update id="updateHit" parameterType="com.kitri.cnm.qnaboard.QnaVO">
		update qna_board set hit=hit+1 where seq=#{seq}
	</update>
	
	<!-- qna 댓글 셀렉트 -->
	<select id="getCmtBoards" resultType="com.kitri.cnm.qnaboard.CommentVO" parameterType="com.kitri.cnm.qnaboard.QnaVO">
		select c_seq, pc_seq, user_id, c_content, to_char(c_log_time,'yy-mm-dd hh24:mi') c_log_time 
		from qna_comment 
		where pc_seq=#{pc_seq}
		order by c_seq
	</select>
	
	<!-- qna 태그추가 셀렉트 -->
	<select id="selectTagVO" resultType="com.kitri.cnm.qnaboard.QnaVO" parameterType="map">
		select b.*, t.tags_name
		from (select rownum r, level, a.*
		        from qna_board a
		        where tags=#{tags}
		        start with p_seq = 0
		        connect by NOCYCLE prior seq=p_seq
		        order siblings by seq desc)b, qna_tags t
		where b.tags = t.tags
		and r between (#{intPage}-1)*10+1 and #{intPage}*10
		order by r
	</select>
	
	<!-- qna 댓글 인설트 -->
	<insert id="insertCmtVO" parameterType="com.kitri.cnm.qnaboard.CommentVO">
		insert into qna_comment
		values ((qna_c_seq.nextval) - 1, #{pc_seq}, #{user_id}, #{c_content}, sysdate)
	</insert>
	
	<!-- qna 댓글 딜리트 -->
	<delete id="deleteCmtVO" parameterType="com.kitri.cnm.qnaboard.CommentVO">
		delete from qna_comment where c_seq=#{c_seq}
	</delete>
	
	<!-- qna main 글 수 계산 -->
	<select id="selectCount" resultType="Integer">
		select count(*) totalcnt from qna_board
	</select>
	
	<!-- qna tag 글 수 계산 -->
	<select id="selectTagCount" resultType="Integer" parameterType="String">
		select count(*) totalcnt from qna_board where tags=#{tags}
	</select>
	
	<!--  -->
</mapper>