<?xml version="1.0" encoding="UTF-8"?>
<!DOCTYPE mapper
	 PUBLIC "-//mybatis.org//DTD Mapper 3.0//EN"
	 "http://mybatis.org/dtd/mybatis-3-mapper.dtd">
<mapper namespace="com.kitri.cnm.soc.SocMapper">
	<resultMap id="LetterResult" type="com.kitri.cnm.soc.SocVO">
		<result column="letter_seq" property="letter_seq" />
		<result column="user_id" property="user_id" />
		<result column="title" property="title" />
		<result column="content" property="content" />
		<result column="rcv_id" property="rcv_id" />
		<result column="write_date" property="write_date" />
		<result column="read_date" property="read_date" />
		<result column="readyn" property="readyn" />
		<result column="sent_del" property="sent_del" />
		<result column="rcv_del" property="rcv_del" />
	</resultMap>
	<select id="getfindLetter" resultMap="LetterResult" parameterType="Integer">
		SELECT letter_seq,user_id,title,content,rcv_id, to_char(write_date,'hh:mi:ss'), sysdate,readyn,sent_del,rcv_del
		FROM letter 
		where letter_seq = #{letter_seq}
	</select>
	
	<insert id="insertletter" parameterType="com.kitri.cnm.soc.SocVO">
		INSERT INTO
		letter (letter_seq, user_id, title, content, rcv_id, write_date, read_date)
		VALUES (let_seq.nextval, #{user_id}, #{title}, #{content}, #{rcv_id}, sysdate, sysdate)
	</insert>
	
	<select id="selectletter" resultMap="LetterResult" parameterType="map">
		select * 
       from (SELECT rownum r,l.*
            FROM (SELECT rownum, a.*
                  FROM letter a
                  WHERE rcv_id = #{user_id}
                  order by rownum desc)l)
        WHERE r between #{currentPage}*5-4 and #{currentPage}*5
	</select>
	
	<delete id="deleteletter" parameterType="map">
		  DELETE
		  FROM letter
		  WHERE letter_seq = #{letter_seq}
	</delete>

	<update id="updateletter" parameterType="Integer">
		UPDATE letter
		set readyn = 'Y'
		where letter_seq = #{letter_seq}
	</update>
	
	<update id="updatedate" parameterType="Integer">
		UPDATE letter
		set read_date = sysdate
		where letter_seq = #{letter_seq}
	</update>
	
	<select id="selectrcvid" parameterType="Integer" resultType="String">
		SELECT user_id
		FROM letter
		WHERE letter_seq = #{letter_seq}		
	</select>
	
	<select id="myrcvletter" parameterType="map" resultMap="LetterResult">
	select * 
       from (SELECT rownum r,l.*
            FROM (SELECT rownum, a.*
                  FROM letter a
                  WHERE rcv_id = #{user_id}
                  order by rownum desc)l)
        WHERE r between #{currentPage}*5-4 and #{currentPage}*5
	</select>
	
	<select id="mysendletter" parameterType="map" resultMap="LetterResult">
		select * 
       from (SELECT rownum r,l.*
            FROM (SELECT rownum, a.*
                  FROM letter a
                  WHERE user_id = #{user_id}
                  order by rownum desc)l )
        WHERE r between #{currentPage}*5-4 and #{currentPage}*5
	</select>
	
	<select id="mydontread" parameterType="map" resultMap="LetterResult">
		select * 
       from (SELECT rownum r,l.*
            FROM (SELECT rownum, a.*
                  FROM letter a
                  WHERE rcv_id = #{user_id} AND readyn='N'
                  order by rownum desc)l )
        WHERE r between #{currentPage}*5-4 and #{currentPage}*5
	</select>
	
	<select id="listcnt" parameterType="String" resultType="int">
		select count(*) totalcnt
		from letter
		where rcv_id =#{user_id}
	</select>
	
	<select id="listcnt2" parameterType="String" resultType="int">
		select count(*) totalcnt
		from letter
		where user_id=#{user_id}
	</select>
	
	<select id="rcvid" parameterType="String" resultType="String">
		select distinct rcv_id
		from letter
		where rcv_id=#{user_id}
	</select>
	
	<select id="srchid" parameterType="String" resultType="String">
		select id
		from member
		where id = #{id}
	</select>
</mapper>