<?xml version="1.0" encoding="UTF-8"?>
<beans:beans xmlns="http://www.springframework.org/schema/mvc"
	xmlns:xsi="http://www.w3.org/2001/XMLSchema-instance" xmlns:beans="http://www.springframework.org/schema/beans"
	xmlns:context="http://www.springframework.org/schema/context"
	xsi:schemaLocation="http://www.springframework.org/schema/mvc http://www.springframework.org/schema/mvc/spring-mvc.xsd
		http://www.springframework.org/schema/beans http://www.springframework.org/schema/beans/spring-beans.xsd
		http://www.springframework.org/schema/context http://www.springframework.org/schema/context/spring-context.xsd">

	<!-- DispatcherServlet Context: defines this servlet's request-processing 
		infrastructure -->

	<!-- Enables the Spring MVC @Controller programming model -->
	<annotation-driven />

	<!-- Handles HTTP GET requests for /resources/** by efficiently serving 
		up static resources in the ${webappRoot}/resources directory -->
	<resources mapping="/resources/**" location="/resources/" />

	<!-- Resolves views selected for rendering by @Controllers to .jsp resources 
		in the /WEB-INF/views directory -->
	<beans:bean
		class="org.springframework.web.servlet.view.InternalResourceViewResolver">
		<beans:property name="prefix" value="/WEB-INF/views/" />
		<beans:property name="suffix" value=".jsp" />
	</beans:bean>
	<context:component-scan base-package="com.kitri.cnm" />
	<context:component-scan base-package="com.kitri.cnm.imgboard" />
	<context:component-scan base-package="com.kitri.cnm.member" />
	<context:component-scan base-package="com.kitri.cnm.movie" />
	<context:component-scan base-package="com.kitri.cnm.soc" />
	<context:component-scan base-package="com.kitri.cnm.qna" />
	<interceptors>
		<interceptor>
			<mapping path="/*.do*" />
			<exclude-mapping path="/movie/boxoffice.do" />
			<exclude-mapping path="/member/login.do" />
			<exclude-mapping path="/member/join.do" />
			<beans:bean class="com.kitri.cnm.Interceptor">
			</beans:bean>
		</interceptor>
	</interceptors>
	<beans:bean id="dataSource"
		class="org.springframework.jdbc.datasource.DriverManagerDataSource">
		<beans:property name="driverClassName">
			<beans:value>oracle.jdbc.driver.OracleDriver</beans:value>
		</beans:property>
		<beans:property name="url">
			<beans:value>jdbc:oracle:thin:@localhost:1521:orcl</beans:value>
		</beans:property>
		<beans:property name="username">
			<beans:value>project3</beans:value>
		</beans:property>
		<beans:property name="password">
			<beans:value>1234</beans:value>
		</beans:property>
	</beans:bean>

	<!-- 트랜잭션 -->
	<!-- <beans:bean id="transactionManager" class="org.springframework.jdbc.datasource.DataSourceTransactionManager"> 
		<beans:property name="dataSource" ref="dataSource" /> </beans:bean> -->
	<beans:bean id="sqlSessionFactory" class="org.mybatis.spring.SqlSessionFactoryBean">
		<beans:property name="dataSource" ref="dataSource" />
		<beans:property name="typeAliasesPackage" value="mybatis" />
		<beans:property name="mapperLocations" value="classpath*:/myba/*.xml" />
	</beans:bean>
	<beans:bean id="sqlSession" class="org.mybatis.spring.SqlSessionTemplate">
		<beans:constructor-arg name="sqlSessionFactory"
			ref="sqlSessionFactory" />
	</beans:bean>
</beans:beans>
